USE novotel_db;
SET FOREIGN_KEY_CHECKS = 0;

TRUNCATE TABLE FoodItems;
INSERT INTO FoodItems (Name, Category, Price, Availability) VALUES ('Paneer Tikka', 'Starter', 350, TRUE), ('Chicken Malai Tikka', 'Starter', 450, TRUE), ('Veg Crispy', 'Starter', 280, TRUE), ('Prawns Koliwada', 'Starter', 550, TRUE), ('Mushroom Bruschetta', 'Starter', 320, TRUE), ('Chicken Wings', 'Starter', 380, TRUE), ('Fish Fingers', 'Starter', 420, FALSE), ('Hara Bhara Kabab', 'Starter', 300, TRUE), ('Corn Cheese Balls', 'Starter', 290, TRUE), ('Mutton Seekh Kabab', 'Starter', 580, TRUE), ('Butter Chicken', 'Main Course', 480, TRUE), ('Paneer Butter Masala', 'Main Course', 390, TRUE), ('Dal Makhani', 'Main Course', 350, TRUE), ('Mutton Rogan Josh', 'Main Course', 620, TRUE), ('Veg Biryani', 'Main Course', 350, TRUE), ('Chicken Biryani', 'Main Course', 450, TRUE), ('Prawns Curry', 'Main Course', 590, TRUE), ('Aloo Gobi', 'Main Course', 250, TRUE), ('Palak Paneer', 'Main Course', 380, TRUE), ('Chicken Chettinad', 'Main Course', 490, TRUE), ('Veg Pulao', 'Main Course', 280, TRUE), ('Jeera Rice', 'Main Course', 200, TRUE), ('Garlic Naan', 'Main Course', 80, TRUE), ('Butter Naan', 'Main Course', 60, TRUE), ('Tandoori Roti', 'Main Course', 40, TRUE), ('Gulab Jamun', 'Dessert', 150, TRUE), ('Rasmalai', 'Dessert', 180, TRUE), ('Chocolate Brownie', 'Dessert', 220, TRUE), ('Ice Cream', 'Dessert', 120, TRUE), ('Sizzling Brownie', 'Dessert', 280, TRUE), ('Gajar Halwa', 'Dessert', 200, FALSE), ('Fresh Lime Soda', 'Beverage', 110, TRUE), ('Iced Tea', 'Beverage', 140, TRUE), ('Cola', 'Beverage', 80, TRUE), ('Mineral Water', 'Beverage', 40, TRUE), ('Cold Coffee', 'Beverage', 180, TRUE), ('Virgin Mojito', 'Beverage', 190, TRUE), ('Lassi', 'Beverage', 130, TRUE), ('Mango Shake', 'Beverage', 210, FALSE);

TRUNCATE TABLE Staff;
INSERT INTO Staff (Name, Role, Shift) VALUES ('Rahul Sharma', 'Chef', 'Morning'), ('Amit Verma', 'Chef', 'Evening'), ('Suresh Raina', 'Chef', 'Night'), ('Priya Singh', 'Waiter', 'Morning'), ('Neha Gupta', 'Waiter', 'Morning'), ('Rohan Das', 'Waiter', 'Evening'), ('Vikas Khanna', 'Waiter', 'Evening'), ('Sneha Patil', 'Waiter', 'Night'), ('Arjun Kapoor', 'Waiter', 'Night'), ('Manoj Bajpayee', 'Manager', 'Morning'), ('Deepika Padukone', 'Manager', 'Evening'), ('Ranveer Singh', 'Manager', 'Night'), ('Kajol Devgan', 'Waiter', 'Morning'), ('Ajay Devgan', 'Chef', 'Evening'), ('Shahrukh Khan', 'Waiter', 'Night'), ('Salman Khan', 'Waiter', 'Morning'), ('Aamir Khan', 'Waiter', 'Evening');

TRUNCATE TABLE Orders;
INSERT INTO Orders (FoodId, Quantity, OrderDate) VALUES (22, 3, '2026-01-05'), (7, 7, '2025-11-25'), (14, 1, '2025-10-08'), (36, 6, '2025-11-05'), (38, 7, '2026-01-27'), (30, 8, '2025-12-21'), (26, 3, '2025-10-26'), (3, 1, '2025-09-30'), (20, 6, '2025-10-10'), (14, 5, '2025-08-18'), (36, 6, '2025-09-08'), (17, 6, '2025-12-04'), (15, 5, '2025-11-29'), (7, 5, '2025-08-19'), (4, 6, '2026-01-27'), (31, 6, '2025-10-14'), (35, 2, '2025-08-18'), (23, 8, '2025-10-18'), (3, 5, '2025-09-15'), (7, 2, '2025-09-17'), (7, 6, '2025-12-10'), (2, 3, '2025-10-02'), (11, 5, '2025-10-02'), (9, 3, '2025-11-07'), (18, 3, '2025-08-20'), (6, 7, '2025-10-19'), (13, 7, '2025-12-30'), (38, 8, '2025-11-29'), (10, 4, '2025-09-13'), (9, 6, '2025-09-11'), (29, 7, '2025-08-04'), (36, 1, '2025-10-23'), (26, 5, '2025-11-08'), (25, 7, '2026-01-22'), (10, 8, '2025-08-12'), (19, 6, '2025-08-03'), (29, 4, '2025-09-04'), (37, 7, '2025-09-17'), (23, 4, '2025-11-27'), (20, 8, '2025-09-26'), (35, 3, '2025-09-25'), (1, 1, '2025-08-04'), (27, 7, '2025-10-05'), (5, 8, '2025-09-23'), (37, 3, '2025-12-16'), (3, 1, '2025-09-17'), (10, 7, '2026-01-28'), (34, 5, '2025-09-05'), (6, 5, '2025-11-04'), (21, 2, '2025-11-08');
INSERT INTO Orders (FoodId, Quantity, OrderDate) VALUES (5, 2, '2025-09-02'), (6, 4, '2025-12-16'), (12, 8, '2025-08-17'), (8, 2, '2025-09-23'), (35, 3, '2025-11-15'), (16, 1, '2025-09-17'), (38, 1, '2025-09-25'), (26, 5, '2026-01-10'), (22, 2, '2025-11-09'), (27, 8, '2025-09-20'), (5, 3, '2025-10-17'), (15, 4, '2025-12-28'), (38, 7, '2026-01-07'), (32, 8, '2025-11-27'), (38, 2, '2026-01-05'), (25, 6, '2025-09-05'), (35, 6, '2025-12-16'), (6, 7, '2025-12-08'), (11, 6, '2025-11-30'), (23, 3, '2025-08-07'), (27, 6, '2025-09-08'), (19, 7, '2025-12-04'), (22, 4, '2025-10-06'), (3, 5, '2025-09-24'), (16, 5, '2025-12-14'), (25, 8, '2025-10-01'), (32, 3, '2025-12-23'), (19, 6, '2025-09-15'), (30, 1, '2025-08-16'), (25, 6, '2025-12-09'), (34, 2, '2026-01-04'), (30, 5, '2025-12-13'), (14, 3, '2025-08-27'), (28, 3, '2025-12-14'), (18, 2, '2026-01-17'), (34, 1, '2025-09-16'), (11, 4, '2025-09-18'), (7, 2, '2025-09-04'), (37, 5, '2025-08-30'), (8, 2, '2025-10-10'), (18, 5, '2026-01-14'), (5, 6, '2025-12-05'), (3, 8, '2026-01-05'), (20, 4, '2025-12-12'), (23, 2, '2025-10-19'), (14, 6, '2025-08-17'), (29, 5, '2025-10-13'), (7, 7, '2025-10-18'), (35, 6, '2025-10-20'), (17, 5, '2025-11-13');
INSERT INTO Orders (FoodId, Quantity, OrderDate) VALUES (17, 6, '2025-08-07'), (1, 4, '2025-12-09'), (14, 8, '2025-08-06'), (2, 4, '2025-10-07'), (9, 6, '2025-08-28'), (27, 7, '2025-09-17'), (30, 2, '2025-09-21'), (17, 8, '2025-11-05'), (1, 7, '2025-12-11'), (28, 4, '2025-08-14'), (21, 1, '2025-09-01'), (9, 3, '2026-01-16'), (9, 7, '2025-08-02'), (1, 2, '2025-12-15'), (22, 8, '2026-01-20'), (31, 5, '2025-09-30'), (14, 4, '2025-11-28'), (8, 1, '2025-08-30'), (19, 2, '2025-09-09'), (22, 4, '2025-11-11'), (14, 3, '2025-09-16'), (5, 6, '2025-08-25'), (37, 2, '2025-09-15'), (14, 6, '2025-09-21'), (4, 3, '2025-11-23'), (31, 8, '2025-10-06'), (16, 4, '2025-11-20'), (13, 8, '2025-09-28'), (28, 8, '2025-10-12'), (4, 3, '2025-11-20'), (22, 7, '2025-10-01'), (20, 3, '2025-08-05'), (5, 3, '2025-09-15'), (12, 1, '2025-09-22'), (19, 2, '2025-11-06'), (16, 1, '2026-01-06'), (19, 3, '2025-11-11'), (12, 6, '2025-10-07'), (27, 8, '2026-01-05'), (30, 7, '2025-10-02'), (2, 2, '2025-08-11'), (34, 8, '2025-10-06'), (10, 1, '2025-10-08'), (5, 3, '2025-12-30'), (22, 5, '2025-11-16'), (14, 5, '2025-12-02'), (2, 5, '2025-08-19'), (34, 2, '2025-09-19'), (6, 4, '2025-09-28'), (26, 8, '2025-08-10');
INSERT INTO Orders (FoodId, Quantity, OrderDate) VALUES (1, 6, '2025-09-09'), (35, 3, '2025-10-08'), (10, 5, '2025-08-04'), (3, 5, '2026-01-04'), (5, 5, '2025-10-11'), (10, 6, '2025-11-29'), (8, 4, '2025-10-08'), (32, 4, '2025-12-29'), (11, 7, '2025-09-19'), (31, 3, '2025-10-31'), (5, 6, '2025-12-05'), (3, 2, '2026-01-16'), (14, 6, '2025-09-07'), (33, 7, '2025-09-22'), (18, 7, '2026-01-02'), (12, 6, '2025-12-24'), (23, 7, '2026-01-27'), (38, 4, '2025-09-20'), (7, 7, '2025-10-10'), (6, 7, '2025-12-29'), (34, 7, '2025-12-03'), (37, 6, '2025-08-19'), (17, 5, '2025-12-14'), (28, 4, '2025-08-21'), (17, 3, '2025-08-14'), (5, 2, '2026-01-01'), (4, 4, '2025-09-15'), (11, 5, '2025-10-20'), (3, 6, '2025-09-28'), (5, 4, '2026-01-11'), (5, 2, '2025-10-30'), (24, 2, '2025-10-12'), (21, 6, '2025-11-07'), (18, 7, '2025-12-25'), (34, 6, '2025-11-16'), (28, 7, '2025-12-18'), (24, 2, '2025-09-04'), (27, 1, '2026-01-03'), (37, 5, '2025-08-06'), (28, 5, '2025-12-17'), (3, 6, '2025-09-08'), (23, 6, '2025-08-04'), (1, 2, '2025-12-31'), (33, 8, '2025-11-23'), (13, 5, '2025-12-31'), (27, 7, '2025-09-05'), (22, 5, '2025-11-28'), (19, 5, '2025-08-11'), (12, 3, '2025-10-17');

TRUNCATE TABLE SalesSummary;
INSERT INTO SalesSummary (FoodId, TotalSold) VALUES (1, 22), (2, 14), (3, 39), (4, 16), (5, 50), (6, 34), (7, 36), (8, 9), (9, 25), (10, 31), (11, 27), (12, 24), (13, 20), (14, 47), (15, 9), (16, 11), (17, 33), (18, 24), (19, 31), (20, 21), (21, 9), (22, 38), (23, 30), (24, 4), (25, 27), (26, 21), (27, 44), (28, 31), (29, 16), (30, 23), (31, 22), (32, 15), (33, 15), (34, 31), (35, 23), (36, 13), (37, 28), (38, 29), (39, 0);