USE pvrinox_db;
SET FOREIGN_KEY_CHECKS = 0;

TRUNCATE TABLE Movies;
INSERT INTO Movies (Name, Genre, Rating, Duration) VALUES ('Pathaan', 'Action', 7.8, 146), ('Jawan', 'Action', 8.2, 169), ('Mission Impossible 7', 'Action', 8.0, 163), ('Tiger 3', 'Action', 7.0, 156), ('Oppenheimer', 'Drama', 8.5, 180), ('12th Fail', 'Drama', 9.2, 147), ('Rocky Aur Rani', 'Drama', 7.5, 168), ('Dunki', 'Comedy', 7.2, 161), ('Dream Girl 2', 'Comedy', 6.9, 133), ('Fukrey 3', 'Comedy', 6.5, 150), ('Drishyam 2', 'Thriller', 8.6, 140), ('Merry Christmas', 'Thriller', 8.0, 144), ('Animal', 'Thriller', 7.8, 180), ('Spider-Man: Across the Spider-Verse', 'Animation', 9.0, 140), ('Elemental', 'Animation', 7.4, 101), ('Kung Fu Panda 4', 'Animation', 7.6, 94), ('Sam Bahadur', 'Drama', 8.1, 150), ('Salaar', 'Action', 7.1, 175);

TRUNCATE TABLE Snacks;
INSERT INTO Snacks (Name, Price, StockQty) VALUES ('Salted Popcorn (R)', 250, 100), ('Salted Popcorn (L)', 350, 80), ('Cheese Popcorn (R)', 280, 90), ('Caramel Popcorn (L)', 400, 60), ('Nachos with Salsa', 220, 50), ('Nachos with Cheese', 250, 40), ('Coke (R)', 150, 200), ('Coke (L)', 200, 150), ('Sprite (L)', 200, 100), ('Chicken Nuggets', 220, 15), ('Veg Burger', 180, 10), ('Hot Dog', 200, 5), ('Combo: Popcorn + Coke', 450, 120), ('Combo: Nachos + Coke', 380, 110), ('Mineral Water', 50, 300), ('Chocolate Bar', 80, 50);

TRUNCATE TABLE Staff;
INSERT INTO Staff (Name, Role) VALUES ('Ramesh Pawar', 'Projectionist'), ('Suresh Patil', 'Projectionist'), ('Ganesh Gaikwad', 'Counter'), ('Pooja Hegde', 'Counter'), ('Alia Bhatt', 'Counter'), ('Ranbir Kapoor', 'Cleaning'), ('Varun Dhawan', 'Cleaning'), ('Sid Malhotra', 'Cleaning'), ('Katrina Kaif', 'Counter'), ('Vicky Kaushal', 'Projectionist'), ('Kiara Advani', 'Counter'), ('Kartik Aaryan', 'Cleaning'), ('Kriti Sanon', 'Counter');

TRUNCATE TABLE Shows;
INSERT INTO Shows (MovieId, ShowTime, ScreenNo, TicketsSold) VALUES (18, '2026-01-05 04:09:45', 2, 81), (1, '2026-01-03 08:40:01', 4, 237), (7, '2026-01-06 00:51:07', 6, 96), (18, '2025-12-31 13:28:18', 2, 36), (17, '2026-01-10 06:40:39', 5, 98), (18, '2026-01-09 04:26:45', 1, 225), (15, '2026-01-18 01:22:38', 5, 115), (4, '2026-01-28 10:27:16', 1, 211), (12, '2026-01-16 21:24:58', 2, 119), (3, '2026-01-17 19:00:58', 1, 131), (16, '2026-01-17 09:38:41', 4, 23), (2, '2026-01-07 07:27:24', 3, 198), (3, '2026-01-05 12:59:31', 1, 143), (16, '2026-01-08 04:04:07', 2, 180), (18, '2026-01-12 15:26:09', 4, 134), (7, '2026-01-18 22:57:14', 6, 90), (3, '2026-01-11 11:17:22', 5, 158), (5, '2026-01-11 16:52:10', 1, 246), (17, '2026-01-09 10:13:59', 2, 142), (5, '2026-01-10 03:44:24', 1, 191), (17, '2026-01-15 16:06:20', 2, 22), (18, '2026-01-28 18:46:32', 5, 51), (8, '2026-01-22 03:22:59', 1, 100), (17, '2026-01-29 05:23:27', 2, 80), (5, '2026-01-10 14:25:52', 3, 133), (12, '2026-01-23 14:53:56', 6, 118), (6, '2026-01-11 00:06:55', 2, 37), (16, '2026-01-13 06:03:39', 5, 241), (1, '2026-01-26 18:27:48', 6, 218), (2, '2026-01-20 10:58:40', 6, 144), (6, '2026-01-13 21:34:15', 3, 224), (2, '2026-01-11 11:13:07', 4, 228), (17, '2026-01-20 13:49:38', 6, 208), (10, '2026-01-07 11:39:57', 2, 201), (6, '2026-01-20 22:24:36', 3, 77), (12, '2026-01-09 23:00:04', 1, 241), (6, '2026-01-08 22:02:40', 4, 71), (17, '2026-01-06 18:23:54', 3, 170), (6, '2026-01-27 17:45:22', 3, 39), (11, '2026-01-05 23:37:41', 5, 82), (1, '2026-01-16 05:48:04', 4, 172), (4, '2026-01-20 18:23:13', 5, 221), (2, '2026-01-13 21:55:58', 2, 183), (18, '2026-01-24 02:17:19', 6, 114), (4, '2026-01-12 13:11:11', 5, 165), (13, '2026-01-28 03:41:11', 3, 54), (7, '2026-01-03 07:50:53', 4, 244), (16, '2026-01-05 15:05:04', 3, 208), (17, '2026-01-18 14:11:34', 2, 198), (3, '2026-01-15 16:24:59', 6, 247);
INSERT INTO Shows (MovieId, ShowTime, ScreenNo, TicketsSold) VALUES (12, '2026-01-06 18:16:01', 1, 26), (1, '2026-01-12 11:30:30', 2, 241), (4, '2026-01-28 12:41:10', 6, 30), (8, '2026-01-24 17:26:02', 3, 226), (16, '2026-01-28 09:51:45', 3, 72), (16, '2026-01-10 10:39:19', 1, 61), (8, '2026-01-12 09:06:40', 5, 38), (10, '2026-01-03 09:57:04', 4, 158), (1, '2026-01-04 03:32:31', 3, 101), (4, '2026-01-29 05:59:46', 2, 214), (17, '2026-01-16 05:07:00', 2, 238), (17, '2026-01-16 16:48:58', 1, 69), (11, '2026-01-07 15:12:01', 1, 166), (2, '2026-01-08 12:01:43', 1, 225), (12, '2026-01-27 20:10:37', 3, 158), (17, '2026-01-05 22:09:10', 4, 240), (12, '2026-01-21 06:12:02', 2, 115), (16, '2026-01-10 23:07:49', 4, 57), (13, '2026-01-06 17:52:58', 6, 123), (17, '2026-01-28 14:12:05', 2, 91), (14, '2026-01-25 09:32:36', 4, 42), (17, '2026-01-21 13:59:38', 2, 173), (1, '2026-01-14 00:16:56', 6, 117), (7, '2026-01-17 22:39:05', 3, 70), (18, '2026-01-27 12:32:46', 4, 227), (14, '2026-01-17 07:27:30', 1, 150), (13, '2026-01-14 15:09:27', 2, 67), (13, '2026-01-20 03:49:56', 4, 97), (7, '2026-01-13 00:20:09', 3, 104), (11, '2026-01-21 05:26:21', 2, 111), (7, '2026-01-24 18:13:54', 2, 130), (14, '2026-01-14 05:15:44', 4, 129), (2, '2025-12-31 18:06:10', 6, 215), (2, '2026-01-03 22:01:20', 3, 159), (18, '2026-01-25 07:11:05', 4, 225), (8, '2026-01-10 11:41:20', 2, 176), (7, '2026-01-07 04:17:40', 5, 107), (9, '2026-01-17 12:15:47', 2, 62), (9, '2026-01-23 20:04:41', 6, 89), (11, '2026-01-11 17:01:24', 6, 173), (4, '2026-01-19 20:04:50', 1, 238), (15, '2026-01-19 10:30:28', 5, 83), (3, '2026-01-12 16:31:41', 1, 117), (14, '2026-01-10 17:30:12', 5, 181), (17, '2026-01-06 03:56:47', 1, 246), (10, '2026-01-08 06:12:03', 6, 50), (14, '2026-01-11 18:31:02', 4, 217), (2, '2026-01-04 14:24:53', 2, 141), (8, '2026-01-19 15:18:09', 5, 249), (9, '2026-01-08 23:11:36', 6, 205);
INSERT INTO Shows (MovieId, ShowTime, ScreenNo, TicketsSold) VALUES (18, '2026-01-26 09:29:47', 5, 233), (8, '2026-01-23 19:18:36', 1, 181), (13, '2026-01-11 06:16:24', 3, 173), (16, '2026-01-21 18:04:34', 4, 32), (14, '2026-01-16 21:39:13', 5, 184), (18, '2026-01-07 20:46:46', 1, 186), (4, '2026-01-04 20:49:21', 1, 39), (18, '2026-01-29 10:05:49', 4, 210), (10, '2026-01-19 17:40:43', 5, 178), (1, '2026-01-15 17:31:14', 4, 145), (3, '2026-01-08 13:05:20', 2, 80), (12, '2026-01-27 07:08:53', 1, 27), (2, '2026-01-18 02:01:36', 4, 23), (3, '2026-01-04 09:16:33', 2, 166), (1, '2026-01-09 16:30:38', 4, 23), (16, '2026-01-26 20:26:12', 5, 183), (5, '2026-01-13 21:21:49', 6, 159), (13, '2026-01-03 02:19:53', 2, 42), (11, '2026-01-06 16:49:36', 4, 144), (11, '2026-01-16 00:22:06', 5, 243), (8, '2026-01-16 07:43:48', 5, 161), (3, '2026-01-26 11:46:37', 6, 240), (1, '2026-01-18 12:02:23', 2, 199), (16, '2026-01-12 07:50:01', 1, 54), (9, '2026-01-11 16:08:24', 4, 142), (14, '2026-01-08 20:44:47', 3, 146), (6, '2026-01-27 03:07:06', 1, 201), (8, '2026-01-27 22:03:50', 2, 80), (11, '2026-01-09 17:08:23', 2, 233), (4, '2026-01-13 16:11:53', 6, 218), (2, '2026-01-19 02:22:03', 4, 176), (12, '2026-01-18 14:51:29', 5, 81), (8, '2026-01-21 13:38:19', 4, 218), (16, '2025-12-31 21:36:45', 5, 183), (8, '2026-01-27 00:51:29', 4, 205), (8, '2026-01-18 16:11:04', 5, 185), (10, '2026-01-04 15:26:29', 6, 100), (4, '2026-01-01 18:09:28', 6, 133), (6, '2026-01-21 04:20:41', 3, 233), (14, '2026-01-05 17:12:40', 1, 241), (13, '2026-01-23 18:04:14', 4, 206), (7, '2026-01-16 05:50:43', 2, 221), (2, '2026-01-21 17:34:24', 6, 26), (5, '2025-12-31 08:15:35', 6, 115), (17, '2026-01-24 22:20:43', 1, 179), (9, '2026-01-21 03:23:05', 3, 58), (18, '2026-01-23 22:32:32', 5, 110), (15, '2026-01-14 21:44:58', 6, 62), (8, '2026-01-10 17:12:39', 2, 53), (13, '2026-01-24 00:47:57', 6, 236);
INSERT INTO Shows (MovieId, ShowTime, ScreenNo, TicketsSold) VALUES (13, '2026-01-02 05:48:59', 6, 70), (16, '2026-01-08 20:55:23', 3, 146), (8, '2025-12-31 23:57:55', 3, 142), (17, '2026-01-11 05:28:29', 6, 194), (7, '2026-01-17 15:47:20', 4, 41), (8, '2026-01-08 11:43:14', 5, 46), (2, '2026-01-14 21:58:53', 1, 50), (11, '2026-01-08 05:04:55', 1, 64), (9, '2026-01-26 04:38:16', 6, 21);

TRUNCATE TABLE SalesSummary;
INSERT INTO SalesSummary (MovieId, TotalTicketsSold) VALUES (1, 1453), (2, 1768), (3, 1282), (4, 1469), (5, 844), (6, 882), (7, 1103), (8, 2060), (9, 577), (10, 687), (11, 1216), (12, 885), (13, 1068), (14, 1290), (15, 260), (16, 1440), (17, 2348), (18, 1832);